Cylinders,Displacement,Horsepower,Weight,Acceleration,Model Year,Europe,Japan,USA
-0.8693480468143875,-1.0094590990488064,-0.7840523578082582,-1.0253027985382497,-0.3797592034405404,-0.5163965681891591,-0.4651483719733302,-0.4952254087173721,0.7746763768735953
-0.8693480468143875,-0.5302178575892883,-0.44281110345562896,-0.11879578045186072,0.6241021665682557,0.8439098278796014,-0.4651483719733302,-0.4952254087173721,0.7746763768735953
1.4838871833555929,1.4825953565406873,1.4471404591127794,1.736877409513218,-0.7382811213008247,-1.0605191266166634,-0.4651483719733302,-0.4952254087173721,0.7746763768735953
-0.8693480468143875,-0.8656867266109509,-1.0990442849029929,-1.0253027985382497,-0.3080548198684838,1.6600936655208578,-0.4651483719733302,-0.4952254087173721,0.7746763768735953
-0.8693480468143875,-0.9423653252444738,-0.9940469758714148,-1.0016032686536382,0.8750675090704544,1.1159711070933536,-0.4651483719733302,2.012851661238351,-1.286750592095124
0.3072695682706027,0.35158602669622485,-0.39031244893983985,0.2603966977019229,0.5882499747822267,0.5718485486658493,-0.4651483719733302,-0.4952254087173721,0.7746763768735953
-0.8693480468143875,-1.0190439238779967,-1.1777922666766767,-1.2113441081324499,1.161885043358682,1.1159711070933536,-0.4651483719733302,2.012851661238351,-1.286750592095124
-0.8693480468143875,-0.47270890861414616,-0.9940469758714148,0.3077957574711459,2.2374507969395347,1.1159711070933536,2.143004999448557,-0.4952254087173721,-1.286750592095124
0.3072695682706027,0.025701982503752576,-0.25906581265036704,0.13241923632502095,0.33728463228002803,-0.5163965681891591,-0.4651483719733302,-0.4952254087173721,0.7746763768735953
-0.8693480468143875,-0.9423653252444738,-0.44281110345562896,-0.8428164184267414,1.2335894269307386,-0.7884578474029112,-0.4651483719733302,2.012851661238351,-1.286750592095124
-0.8693480468143875,-0.9423653252444738,-1.1777922666766767,-1.3701309583593468,1.2335894269307386,-1.3325804058304156,2.143004999448557,-0.4952254087173721,-1.286750592095124
1.4838871833555929,1.4825953565406873,1.9721270042706707,1.6468191959516945,-1.2402118063052228,0.027725990238345127,-0.4651483719733302,-0.4952254087173721,0.7746763768735953
-0.8693480468143875,-0.4247847844681944,-0.44281110345562896,-0.2965422545864468,0.1580236733498859,0.29978726945209727,-0.4651483719733302,-0.4952254087173721,0.7746763768735953
1.4838871833555929,1.9618365980002055,1.1846471865338337,2.3779496928919586,-0.5590201623706825,-0.7884578474029112,-0.4651483719733302,-0.4952254087173721,0.7746763768735953
1.4838871833555929,1.4825953565406873,1.3158938228233066,1.6231196660670828,-0.2363504362964266,0.8439098278796014,-0.4651483719733302,-0.4952254087173721,0.7746763768735953
-0.8693480468143875,-0.8465170769525703,-0.7840523578082582,-0.924579796528651,-0.4156113952265687,1.3880323863071058,-0.4651483719733302,2.012851661238351,-1.286750592095124
-0.8693480468143875,-0.7123295293439051,0.2659207325075242,-0.23136854740376525,0.05046709799180039,0.5718485486658493,2.143004999448557,-0.4952254087173721,-1.286750592095124
1.4838871833555929,1.1758809620065958,1.1846471865338337,1.2877713181998305,-0.5590201623706825,-1.0605191266166634,-0.4651483719733302,-0.4952254087173721,0.7746763768735953
-0.8693480468143875,-0.9327805004152835,-0.39031244893983985,-0.8594060893459694,-0.021237285580256202,-0.7884578474029112,2.143004999448557,-0.4952254087173721,-1.286750592095124
-0.8693480468143875,-0.4247847844681944,-0.39031244893983985,-0.379490609182587,0.1580236733498859,0.8439098278796014,-0.4651483719733302,-0.4952254087173721,0.7746763768735953
1.4838871833555929,1.02252376473955,0.6334113141180481,0.21181266143846939,-1.276063998091251,-0.244335288975407,-0.4651483719733302,-0.4952254087173721,0.7746763768735953
0.3072695682706027,0.6007914722551743,0.13467409621805138,0.7604567782672251,0.8750675090704544,-0.5163965681891591,-0.4651483719733302,-0.4952254087173721,0.7746763768735953
-0.8693480468143875,-0.5302178575892883,-0.39031244893983985,-0.6899544506709974,1.4128503858608807,-1.0605191266166634,-0.4651483719733302,-0.4952254087173721,0.7746763768735953
0.3072695682706027,-0.13724003959248354,0.13467409621805138,-0.05362207326917916,0.3014324404939991,1.6600936655208578,-0.4651483719733302,-0.4952254087173721,0.7746763768735953
-0.8693480468143875,-0.9327805004152835,-0.7578030305503637,-1.002788245147869,-0.3080548198684838,1.1159711070933536,2.143004999448557,-0.4952254087173721,-1.286750592095124
1.4838871833555929,1.4825953565406873,1.5783870954022523,1.4441882154382661,-1.276063998091251,-1.3325804058304156,-0.4651483719733302,-0.4952254087173721,0.7746763768735953
-0.8693480468143875,-0.3768606603222426,-0.3378137944240507,-0.4387394338941157,-0.4156113952265687,1.3880323863071058,-0.4651483719733302,-0.4952254087173721,0.7746763768735953
-0.8693480468143875,-0.5302178575892883,-0.44281110345562896,-0.3202417844710583,-0.057089477366284495,0.5718485486658493,-0.4651483719733302,-0.4952254087173721,0.7746763768735953
0.3072695682706027,0.35158602669622485,-0.1278191763608942,-0.09035634459032695,0.1580236733498859,-0.244335288975407,-0.4651483719733302,-0.4952254087173721,0.7746763768735953
1.4838871833555929,1.0416934143979308,1.1846471865338337,0.8078558380364481,-1.455324957021393,-1.0605191266166634,-0.4651483719733302,-0.4952254087173721,0.7746763768735953
0.3072695682706027,-0.3768606603222426,0.4496660233127861,-0.21714882947299835,-0.7382811213008247,-0.7884578474029112,-0.4651483719733302,2.012851661238351,-1.286750592095124
-0.8693480468143875,-0.7219143541730956,-0.8103016850661529,-0.42096478648065705,0.9826240844285399,1.3880323863071058,-0.4651483719733302,2.012851661238351,-1.286750592095124
-0.8693480468143875,-0.7123295293439051,-0.7578030305503637,-0.5679018717652482,0.8750675090704544,-1.0605191266166634,2.143004999448557,-0.4952254087173721,-1.286750592095124
-0.8693480468143875,-1.1148921721699003,-0.9940469758714148,-1.2172689906036027,-0.021237285580256202,-0.5163965681891591,2.143004999448557,-0.4952254087173721,-1.286750592095124
0.3072695682706027,0.3420012018670345,0.13467409621805138,0.05776571718849479,-0.20049824451039833,-0.244335288975407,-0.4651483719733302,-0.4952254087173721,0.7746763768735953
-0.8693480468143875,-0.5877268065644305,-0.39031244893983985,-0.33090657291913345,-0.021237285580256202,1.1159711070933536,-0.4651483719733302,2.012851661238351,-1.286750592095124
-0.8693480468143875,-1.1915707708034233,-1.0465456303872038,-1.4424145245074118,1.2335894269307386,-1.3325804058304156,-0.4651483719733302,2.012851661238351,-1.286750592095124
1.4838871833555929,1.9618365980002055,1.1846471865338337,1.7463572214670626,-1.276063998091251,-0.7884578474029112,-0.4651483719733302,-0.4952254087173721,0.7746763768735953
1.4838871833555929,1.1758809620065958,1.1846471865338337,1.4216736620478854,-0.9175420802309667,0.027725990238345127,-0.4651483719733302,-0.4952254087173721,0.7746763768735953
1.4838871833555929,2.479417138776485,3.022100094586453,1.6160098071016995,-2.3516297516721036,-1.6046416850441676,-0.4651483719733302,-0.4952254087173721,0.7746763768735953
1.4838871833555929,1.4825953565406873,1.5783870954022523,0.8327403444152901,-1.455324957021393,-1.6046416850441676,-0.4651483719733302,-0.4952254087173721,0.7746763768735953
-0.8693480468143875,-0.999874274219616,-0.9940469758714148,-1.3511713344516576,-0.6307245459427391,1.1159711070933536,-0.4651483719733302,2.012851661238351,-1.286750592095124
-0.8693480468143875,-0.7219143541730956,-0.7840523578082582,-0.5311676004441004,0.6958065501403122,1.1159711070933536,-0.4651483719733302,2.012851661238351,-1.286750592095124
1.4838871833555929,1.02252376473955,0.9221539139548882,1.3636098138305872,-0.5590201623706825,-0.5163965681891591,-0.4651483719733302,-0.4952254087173721,0.7746763768735953
-0.8693480468143875,-0.9423653252444738,-0.7053043760345745,-1.244523449970906,-0.3797592034405404,0.29978726945209727,2.143004999448557,-0.4952254087173721,-1.286750592095124
1.4838871833555929,1.4921801813698778,1.1583978592759392,1.5934952537113185,-0.3797592034405404,0.29978726945209727,-0.4651483719733302,-0.4952254087173721,0.7746763768735953
-0.8693480468143875,-0.5781419817352401,-0.5478084124872072,-0.5513122008460202,0.1580236733498859,1.6600936655208578,-0.4651483719733302,-0.4952254087173721,0.7746763768735953
1.4838871833555929,1.4825953565406873,1.1846471865338337,2.0248266976112475,-0.3797592034405404,-0.5163965681891591,-0.4651483719733302,-0.4952254087173721,0.7746763768735953
1.4838871833555929,1.0512782392271212,1.053400550244361,1.0543309488364074,-1.0968030391611088,0.29978726945209727,-0.4651483719733302,-0.4952254087173721,0.7746763768735953
0.3072695682706027,0.35158602669622485,-0.1278191763608942,-0.2384784063691487,-0.20049824451039833,-0.7884578474029112,-0.4651483719733302,-0.4952254087173721,0.7746763768735953
-0.8693480468143875,-0.760253653489857,-0.7840523578082582,-0.8819206427363503,-0.5590201623706825,-0.5163965681891591,2.143004999448557,-0.4952254087173721,-1.286750592095124
1.4838871833555929,1.7988945759039694,1.709633731691725,0.6786934001653155,-1.9931078338118193,-1.6046416850441676,-0.4651483719733302,-0.4952254087173721,0.7746763768735953
1.4838871833555929,1.0704478888855018,2.497113549428562,1.642079289974772,-0.20049824451039833,-1.6046416850441676,-0.4651483719733302,-0.4952254087173721,0.7746763768735953
-0.8693480468143875,-0.5302178575892883,-0.8628003395819419,-0.6899544506709974,1.2335894269307386,-1.3325804058304156,-0.4651483719733302,-0.4952254087173721,0.7746763768735953
-0.8693480468143875,-0.9423653252444738,-0.7053043760345745,-0.9506492794017236,0.08631928977782932,1.1159711070933536,2.143004999448557,-0.4952254087173721,-1.286750592095124
0.3072695682706027,-0.48229373344333654,-0.7578030305503637,0.20114787299039424,1.4487025776469096,1.3880323863071058,2.143004999448557,-0.4952254087173721,-1.286750592095124
0.3072695682706027,0.0448716321621333,-0.44281110345562896,0.08265022356733684,0.552397782996199,1.3880323863071058,-0.4651483719733302,-0.4952254087173721,0.7746763768735953
0.3072695682706027,0.5241128736216514,0.00342745992857858,0.429848336376895,-0.3797592034405404,0.027725990238345127,-0.4651483719733302,-0.4952254087173721,0.7746763768735953
-0.8693480468143875,-0.999874274219616,-1.3615375574819386,-1.416345041634339,0.6958065501403122,-0.244335288975407,-0.4651483719733302,2.012851661238351,-1.286750592095124
-0.8693480468143875,-0.7027447045147148,-0.4953097579714181,-0.9056201726209617,0.33728463228002803,-1.0605191266166634,-0.4651483719733302,-0.4952254087173721,0.7746763768735953
0.3072695682706027,0.025701982503752576,-0.25906581265036704,-0.18633944062300342,-0.021237285580256202,-1.6046416850441676,-0.4651483719733302,-0.4952254087173721,0.7746763768735953
-0.8693480468143875,-1.0094590990488064,-0.7840523578082582,-1.0454473989401696,-0.021237285580256202,-0.5163965681891591,2.143004999448557,-0.4952254087173721,-1.286750592095124
-0.8693480468143875,-1.0190439238779967,-0.8890496668398364,-1.1852746252593773,-0.2363504362964266,0.5718485486658493,2.143004999448557,-0.4952254087173721,-1.286750592095124
1.4838871833555929,2.239796518046726,2.444614894912773,1.600605112676702,-1.9931078338118193,-1.6046416850441676,-0.4651483719733302,-0.4952254087173721,0.7746763768735953
-0.8693480468143875,-0.9519501500736642,-0.9415483213556256,-0.9494643029074931,0.8750675090704544,-1.0605191266166634,2.143004999448557,-0.4952254087173721,-1.286750592095124
0.3072695682706027,0.5241128736216514,0.00342745992857858,1.074475549238327,1.0543284680005964,-0.244335288975407,-0.4651483719733302,-0.4952254087173721,0.7746763768735953
1.4838871833555929,2.34522959116782,2.8908534582969803,1.5662407943440153,-2.530890710602246,-1.6046416850441676,-0.4651483719733302,-0.4952254087173721,0.7746763768735953
-0.8693480468143875,-0.7985929528066185,-0.44281110345562896,-0.4150399040095042,1.0901806597866255,1.6600936655208578,-0.4651483719733302,-0.4952254087173721,0.7746763768735953
-0.8693480468143875,-0.8177626024649992,-0.4690604307135235,-0.3771206561941258,0.6958065501403122,-1.6046416850441676,2.143004999448557,-0.4952254087173721,-1.286750592095124
-0.8693480468143875,-1.0573832231947582,-1.0465456303872038,-1.0430774459517083,1.3052938105027951,1.1159711070933536,-0.4651483719733302,2.012851661238351,-1.286750592095124
-0.8693480468143875,-0.999874274219616,-1.1777922666766767,-1.4104201591631862,0.3014324404939991,0.5718485486658493,-0.4651483719733302,2.012851661238351,-1.286750592095124
-0.8693480468143875,-0.9327805004152835,-0.9677976486135201,-0.9897535037113325,0.33728463228002803,0.5718485486658493,-0.4651483719733302,-0.4952254087173721,0.7746763768735953
1.4838871833555929,1.02252376473955,0.6334113141180481,0.8706595922306685,-0.774133313086853,0.8439098278796014,-0.4651483719733302,-0.4952254087173721,0.7746763768735953
1.4838871833555929,1.1758809620065958,1.053400550244361,1.3624248373363566,-0.666576737728768,0.29978726945209727,-0.4651483719733302,-0.4952254087173721,0.7746763768735953
0.3072695682706027,0.025701982503752576,-0.25906581265036704,-0.10220610953263268,0.1580236733498859,-0.7884578474029112,-0.4651483719733302,-0.4952254087173721,0.7746763768735953
1.4838871833555929,1.4921801813698778,1.2633951683075175,1.3493900958998204,-0.9175420802309667,-1.0605191266166634,-0.4651483719733302,-0.4952254087173721,0.7746763768735953
-0.8693480468143875,-0.999874274219616,-0.9152989940977311,-1.2267488025574473,1.7713723037211648,-1.3325804058304156,-0.4651483719733302,-0.4952254087173721,0.7746763768735953
1.4838871833555929,1.0512782392271212,1.053400550244361,0.5151666439614964,-0.8458376966589102,0.5718485486658493,-0.4651483719733302,-0.4952254087173721,0.7746763768735953
-0.8693480468143875,-0.9327805004152835,-0.9677976486135201,-1.1201009180766957,1.0543284680005964,0.29978726945209727,-0.4651483719733302,2.012851661238351,-1.286750592095124
-0.8693480468143875,-1.0573832231947582,-0.9152989940977311,-1.238598567499753,0.4448412076381135,0.29978726945209727,-0.4651483719733302,2.012851661238351,-1.286750592095124
0.3072695682706027,0.28449225289189234,-0.1278191763608942,0.5210915264326492,0.5882499747822267,0.5718485486658493,-0.4651483719733302,-0.4952254087173721,0.7746763768735953
-0.8693480468143875,-0.8656867266109509,-0.9152989940977311,-0.9364295614709567,-0.8458376966589102,0.8439098278796014,-0.4651483719733302,-0.4952254087173721,0.7746763768735953
0.3072695682706027,0.0448716321621333,-0.6265563942608908,0.025771351844269295,0.7316587419263412,0.027725990238345127,-0.4651483719733302,-0.4952254087173721,0.7746763768735953
-0.8693480468143875,-0.789008127977428,-0.25906581265036704,-0.8440013949209719,-0.021237285580256202,-1.0605191266166634,-0.4651483719733302,2.012851661238351,-1.286750592095124
1.4838871833555929,2.4890019636056757,3.153346730875926,1.7001431381920702,-1.9931078338118193,-1.6046416850441676,-0.4651483719733302,-0.4952254087173721,0.7746763768735953
1.4838871833555929,0.6199611219135549,-0.39031244893983985,0.5092417614903434,2.380859564083648,0.8439098278796014,-0.4651483719733302,-0.4952254087173721,0.7746763768735953
-0.8693480468143875,-0.7314991790022859,-0.2065671581345779,-0.5276126709614087,0.5165455912101702,-0.244335288975407,-0.4651483719733302,2.012851661238351,-1.286750592095124
-0.8693480468143875,-0.7314991790022859,-0.1278191763608942,-0.44466431636526854,-0.2722026280824549,1.3880323863071058,-0.4651483719733302,2.012851661238351,-1.286750592095124
-0.8693480468143875,-1.0573832231947582,-1.0465456303872038,-1.14972533043246,1.3052938105027951,0.8439098278796014,-0.4651483719733302,2.012851661238351,-1.286750592095124
-1.4576568543568826,-1.10530734734071,0.13467409621805138,-0.3202417844710583,-0.7382811213008247,0.29978726945209727,-0.4651483719733302,2.012851661238351,-1.286750592095124
-0.8693480468143875,-0.5302178575892883,-0.4165617761977344,-0.2787676071729882,0.08631928977782932,0.29978726945209727,-0.4651483719733302,-0.4952254087173721,0.7746763768735953
1.4838871833555929,1.1758809620065958,1.1846471865338337,1.3564999548652037,-0.7382811213008247,-1.0605191266166634,-0.4651483719733302,-0.4952254087173721,0.7746763768735953
-0.8693480468143875,-0.7123295293439051,0.13467409621805138,-0.4624389637787271,-0.9892464638030234,0.29978726945209727,2.143004999448557,-0.4952254087173721,-1.286750592095124
0.3072695682706027,0.28449225289189234,-0.25906581265036704,0.32438542839037393,0.1580236733498859,-0.244335288975407,-0.4651483719733302,-0.4952254087173721,0.7746763768735953
0.3072695682706027,0.6391307715719357,-0.5215590852293126,0.029326281326961016,0.5165455912101702,1.6600936655208578,-0.4651483719733302,-0.4952254087173721,0.7746763768735953
-0.8693480468143875,-0.7219143541730956,-0.2065671581345779,-0.5738267542364011,-0.3797592034405404,-1.0605191266166634,-0.4651483719733302,2.012851661238351,-1.286750592095124
-0.8693480468143875,-1.0957225225115197,-1.1777922666766767,-1.4578192189324093,0.19387586513591484,1.3880323863071058,-0.4651483719733302,2.012851661238351,-1.286750592095124
-0.8693480468143875,-0.7219143541730956,-0.44281110345562896,-0.03940235533841227,0.5165455912101702,-0.244335288975407,2.143004999448557,-0.4952254087173721,-1.286750592095124
-0.8693480468143875,-1.1436466466574715,-1.3877868847398331,-1.5893516097920029,0.33728463228002803,-0.5163965681891591,-0.4651483719733302,2.012851661238351,-1.286750592095124
-0.8693480468143875,-1.0573832231947582,-0.9152989940977311,-1.0904765057209314,1.0901806597866255,0.5718485486658493,-0.4651483719733302,2.012851661238351,-1.286750592095124
1.4838871833555929,2.239796518046726,2.444614894912773,2.324625750651583,-1.455324957021393,-0.7884578474029112,-0.4651483719733302,-0.4952254087173721,0.7746763768735953
-0.8693480468143875,-1.0094590990488064,-0.8890496668398364,-0.9091751021036535,0.33728463228002803,-0.244335288975407,2.143004999448557,-0.4952254087173721,-1.286750592095124
-0.8693480468143875,-0.8465170769525703,-0.39031244893983985,-0.6638849677979247,-0.3797592034405404,-1.6046416850441676,2.143004999448557,-0.4952254087173721,-1.286750592095124
-0.8693480468143875,-0.5302178575892883,-0.8628003395819419,-0.5039131410767972,-0.7024289295147964,0.027725990238345127,-0.4651483719733302,-0.4952254087173721,0.7746763768735953
-0.8693480468143875,-0.8656867266109509,-1.0990442849029929,-0.9186549140574981,-0.2363504362964266,1.3880323863071058,-0.4651483719733302,-0.4952254087173721,0.7746763768735953
0.3072695682706027,-0.21391863822600643,0.2659207325075242,-0.46836384624988003,-1.5270293405934496,0.8439098278796014,-0.4651483719733302,-0.4952254087173721,0.7746763768735953
-0.8693480468143875,-0.760253653489857,-0.39031244893983985,-1.0276727515267108,-0.5590201623706825,-1.3325804058304156,2.143004999448557,-0.4952254087173721,-1.286750592095124
1.4838871833555929,1.1758809620065958,0.7909072776654154,0.9950821241248787,-0.12879386093834172,0.8439098278796014,-0.4651483719733302,-0.4952254087173721,0.7746763768735953
-0.8693480468143875,-0.9423653252444738,-1.3877868847398331,-1.0193779160670968,3.241312166948331,1.6600936655208578,2.143004999448557,-0.4952254087173721,-1.286750592095124
1.4838871833555929,1.1758809620065958,1.1846471865338337,1.4773675572767222,-0.3797592034405404,-0.7884578474029112,-0.4651483719733302,-0.4952254087173721,0.7746763768735953
1.4838871833555929,1.4825953565406873,1.709633731691725,1.392049249692121,-1.4911771488074215,0.29978726945209727,-0.4651483719733302,-0.4952254087173721,0.7746763768735953
-0.8693480468143875,-1.1148921721699003,-1.2302909211924657,-1.380795746807422,1.0901806597866255,0.29978726945209727,2.143004999448557,-0.4952254087173721,-1.286750592095124
-0.8693480468143875,-0.7027447045147148,-0.23281648539247246,-0.8179319120478993,-0.021237285580256202,0.29978726945209727,-0.4651483719733302,-0.4952254087173721,0.7746763768735953
1.4838871833555929,0.6870548957178875,0.5284140050864697,0.7284624129229996,-0.20049824451039833,0.8439098278796014,-0.4651483719733302,-0.4952254087173721,0.7746763768735953
-0.8693480468143875,-0.3768606603222426,-0.3378137944240507,-0.48021361119218575,-0.3797592034405404,1.6600936655208578,-0.4651483719733302,-0.4952254087173721,0.7746763768735953
-0.8693480468143875,-0.8752715514401413,-0.25906581265036704,-0.7290586749806063,0.6958065501403122,-1.6046416850441676,2.143004999448557,-0.4952254087173721,-1.286750592095124
-0.8693480468143875,-0.4247847844681944,-0.39031244893983985,-0.047697190798026284,0.6241021665682557,1.6600936655208578,-0.4651483719733302,-0.4952254087173721,0.7746763768735953
0.3072695682706027,0.6007914722551743,-0.25906581265036704,0.24025209730000316,0.8033631254983977,0.027725990238345127,-0.4651483719733302,-0.4952254087173721,0.7746763768735953
-0.8693480468143875,-0.7314991790022859,-0.6003070670029963,-0.3202417844710583,1.3769981940748517,1.6600936655208578,-0.4651483719733302,-0.4952254087173721,0.7746763768735953
0.3072695682706027,0.3420012018670345,0.13467409621805138,1.0863253141806328,1.950633262651307,-0.244335288975407,-0.4651483719733302,-0.4952254087173721,0.7746763768735953
-0.8693480468143875,-0.9423653252444738,-0.7053043760345745,-0.8179319120478993,-0.3797592034405404,-0.5163965681891591,2.143004999448557,-0.4952254087173721,-1.286750592095124
-0.8693480468143875,-0.9423653252444738,-0.9940469758714148,-1.0964013881920842,0.8033631254983977,1.3880323863071058,-0.4651483719733302,2.012851661238351,-1.286750592095124
1.4838871833555929,2.239796518046726,2.707108167491718,1.9466182489920296,-1.6345859159515352,-1.0605191266166634,-0.4651483719733302,-0.4952254087173721,0.7746763768735953
0.3072695682706027,0.3420012018670345,0.00342745992857858,0.5151666439614964,0.4806933994241412,0.29978726945209727,-0.4651483719733302,-0.4952254087173721,0.7746763768735953
1.4838871833555929,1.02252376473955,0.6596606413759426,1.0424811838941017,-0.20049824451039833,0.027725990238345127,-0.4651483719733302,-0.4952254087173721,0.7746763768735953
1.4838871833555929,1.9618365980002055,1.1846471865338337,0.9133187460229691,-2.1723687927419615,-1.6046416850441676,-0.4651483719733302,-0.4952254087173721,0.7746763768735953
-0.8693480468143875,-0.9423653252444738,-1.5452828482872005,-1.2326736850286002,1.950633262651307,-0.7884578474029112,2.143004999448557,-0.4952254087173721,-1.286750592095124
-0.8693480468143875,-0.4247847844681944,-0.39031244893983985,-0.5145779295248724,-0.8458376966589102,0.8439098278796014,-0.4651483719733302,-0.4952254087173721,0.7746763768735953
-0.8693480468143875,-1.0477983983655679,-1.0727949576450984,-1.3215469220958933,0.3014324404939991,1.3880323863071058,-0.4651483719733302,-0.4952254087173721,0.7746763768735953
-0.8693480468143875,-0.8369322521233798,-0.7840523578082582,-0.8594060893459694,-0.12879386093834172,1.1159711070933536,-0.4651483719733302,2.012851661238351,-1.286750592095124
0.3072695682706027,0.0448716321621333,-0.5215590852293126,-0.4778436582037246,0.1580236733498859,-1.6046416850441676,-0.4651483719733302,-0.4952254087173721,0.7746763768735953
0.3072695682706027,0.5241128736216514,-0.8628003395819419,0.1987779200019331,1.4128503858608807,-0.244335288975407,-0.4651483719733302,-0.4952254087173721,0.7746763768735953
-0.8693480468143875,-0.7698384783190474,-0.25906581265036704,-0.3510511733210532,-0.20049824451039833,-0.244335288975407,2.143004999448557,-0.4952254087173721,-1.286750592095124
-0.8693480468143875,-0.5302178575892883,-0.39031244893983985,-0.8605910658402,-0.021237285580256202,-1.3325804058304156,-0.4651483719733302,-0.4952254087173721,0.7746763768735953
1.4838871833555929,1.4825953565406873,1.053400550244361,1.2936962006709833,-0.9175420802309667,-0.7884578474029112,-0.4651483719733302,-0.4952254087173721,0.7746763768735953
-0.8693480468143875,-0.5302178575892883,-0.44281110345562896,-0.1424953103364722,0.9109197008564833,1.1159711070933536,-0.4651483719733302,-0.4952254087173721,0.7746763768735953
1.4838871833555929,1.9618365980002055,1.6308857499180414,2.2701168319169764,-1.0968030391611088,-0.7884578474029112,-0.4651483719733302,-0.4952254087173721,0.7746763768735953
0.3072695682706027,-0.47270890861414616,0.397167368796997,-0.07139672068263776,-0.6307245459427391,1.3880323863071058,-0.4651483719733302,2.012851661238351,-1.286750592095124
1.4838871833555929,1.9618365980002055,2.234620276849616,1.5816454887690128,-1.2043596145191944,0.29978726945209727,-0.4651483719733302,-0.4952254087173721,0.7746763768735953
-0.8693480468143875,-0.5302178575892883,-0.7053043760345745,-0.47191877573257174,1.0543284680005964,-0.244335288975407,-0.4651483719733302,-0.4952254087173721,0.7746763768735953
-0.8693480468143875,-1.2203252452909943,-1.4665348665135167,-1.3310267340497377,1.4128503858608807,-0.7884578474029112,2.143004999448557,-0.4952254087173721,-1.286750592095124
-0.8693480468143875,-0.5302178575892883,-0.4953097579714181,-0.2372934298749181,0.014614906205772092,1.6600936655208578,-0.4651483719733302,-0.4952254087173721,0.7746763768735953
1.4838871833555929,1.1758809620065958,1.1846471865338337,0.4843572551115014,-1.6345859159515352,-0.7884578474029112,-0.4651483719733302,-0.4952254087173721,0.7746763768735953
-0.8693480468143875,-1.0094590990488064,-0.9152989940977311,-1.2480783794535977,-0.5590201623706825,-0.244335288975407,2.143004999448557,-0.4952254087173721,-1.286750592095124
0.3072695682706027,-0.38644548515143295,0.0559261144443677,-0.6141159550402406,-0.5590201623706825,-0.7884578474029112,-0.4651483719733302,-0.4952254087173721,0.7746763768735953
-0.8693480468143875,-0.7123295293439051,-0.6528057215187855,-0.379490609182587,-0.20049824451039833,0.8439098278796014,-0.4651483719733302,-0.4952254087173721,0.7746763768735953
1.4838871833555929,1.1758809620065958,1.1846471865338337,1.7380623860074487,-0.7382811213008247,-0.5163965681891591,-0.4651483719733302,-0.4952254087173721,0.7746763768735953
-0.8693480468143875,-0.3768606603222426,0.00342745992857858,-0.2906173721152939,0.40898901585208464,0.5718485486658493,-0.4651483719733302,-0.4952254087173721,0.7746763768735953
0.3072695682706027,0.5241128736216514,-0.1278191763608942,0.4097037359749752,0.5165455912101702,-0.5163965681891591,-0.4651483719733302,-0.4952254087173721,0.7746763768735953
1.4838871833555929,1.4825953565406873,1.053400550244361,1.7179177856055288,-0.5590201623706825,-0.244335288975407,-0.4651483719733302,-0.4952254087173721,0.7746763768735953
-0.8693480468143875,-0.9327805004152835,-0.6528057215187855,-1.2741478623266702,-0.4156113952265687,0.8439098278796014,-0.4651483719733302,-0.4952254087173721,0.7746763768735953
0.3072695682706027,-0.30976688651791007,0.7384086231496263,0.49739199654803773,0.08631928977782932,0.5718485486658493,2.143004999448557,-0.4952254087173721,-1.286750592095124
0.3072695682706027,0.28449225289189234,0.00342745992857858,0.7379422248768442,0.33728463228002803,-0.5163965681891591,-0.4651483719733302,-0.4952254087173721,0.7746763768735953
0.3072695682706027,0.28449225289189234,0.00342745992857858,0.5317563148807244,-0.021237285580256202,-1.3325804058304156,-0.4651483719733302,-0.4952254087173721,0.7746763768735953
-0.8693480468143875,-0.999874274219616,-0.9677976486135201,-1.143800447961307,0.9467718926425109,1.6600936655208578,-0.4651483719733302,2.012851661238351,-1.286750592095124
0.3072695682706027,0.5241128736216514,-0.1278191763608942,0.4014089005153612,-0.021237285580256202,-1.3325804058304156,-0.4651483719733302,-0.4952254087173721,0.7746763768735953
0.3072695682706027,0.5241128736216514,0.13467409621805138,0.7758614726922226,0.2297280569219425,0.027725990238345127,-0.4651483719733302,-0.4952254087173721,0.7746763768735953
0.3072695682706027,0.5241128736216514,-0.1278191763608942,0.34097509930960196,0.8750675090704544,-0.7884578474029112,-0.4651483719733302,-0.4952254087173721,0.7746763768735953
1.4838871833555929,1.0416934143979308,1.1846471865338337,0.8078558380364481,-1.455324957021393,-0.7884578474029112,-0.4651483719733302,-0.4952254087173721,0.7746763768735953
1.4838871833555929,0.6199611219135549,0.13467409621805138,0.4440680543076619,-0.021237285580256202,0.5718485486658493,-0.4651483719733302,-0.4952254087173721,0.7746763768735953
-0.8693480468143875,-0.760253653489857,-0.6265563942608908,-0.9127300315863452,0.4806933994241412,0.027725990238345127,2.143004999448557,-0.4952254087173721,-1.286750592095124
1.4838871833555929,1.0512782392271212,0.6596606413759426,1.0069318890671846,-0.057089477366284495,0.8439098278796014,-0.4651483719733302,-0.4952254087173721,0.7746763768735953
0.3072695682706027,0.35158602669622485,0.18717275073384051,-0.1839694876345423,-0.3080548198684838,1.6600936655208578,-0.4651483719733302,-0.4952254087173721,0.7746763768735953
-0.8693480468143875,-0.8081777776358088,-0.6528057215187855,-0.9897535037113325,-0.2722026280824549,0.29978726945209727,-0.4651483719733302,-0.4952254087173721,0.7746763768735953
0.3072695682706027,-0.26184276237195825,0.29217005976541877,-0.10694601550955497,-1.0609508473750806,1.3880323863071058,-0.4651483719733302,2.012851661238351,-1.286750592095124
-0.8693480468143875,-0.5302178575892883,-0.8628003395819419,-0.6982492861306113,1.4128503858608807,-0.7884578474029112,-0.4651483719733302,-0.4952254087173721,0.7746763768735953
0.3072695682706027,0.5241128736216514,-0.1278191763608942,0.34571500528652427,-0.20049824451039833,-1.3325804058304156,-0.4651483719733302,-0.4952254087173721,0.7746763768735953
-0.8693480468143875,-0.8465170769525703,-0.7840523578082582,-0.9305046789998038,-0.3797592034405404,1.6600936655208578,-0.4651483719733302,2.012851661238351,-1.286750592095124
0.3072695682706027,0.3420012018670345,0.00342745992857858,0.6455140583268595,1.3052938105027951,0.5718485486658493,-0.4651483719733302,-0.4952254087173721,0.7746763768735953
0.3072695682706027,0.35158602669622485,-0.39031244893983985,0.3255704048846045,0.9467718926425109,0.8439098278796014,-0.4651483719733302,-0.4952254087173721,0.7746763768735953
1.4838871833555929,1.02252376473955,0.9221539139548882,1.544911217447865,0.1580236733498859,-1.0605191266166634,-0.4651483719733302,-0.4952254087173721,0.7746763768735953
1.4838871833555929,1.02252376473955,0.9221539139548882,1.9525431314631825,0.1580236733498859,-0.5163965681891591,-0.4651483719733302,-0.4952254087173721,0.7746763768735953
-0.8693480468143875,-0.9327805004152835,-0.9152989940977311,-1.0253027985382497,0.6241021665682557,1.6600936655208578,-0.4651483719733302,-0.4952254087173721,0.7746763768735953
0.3072695682706027,0.0448716321621333,-0.5215590852293126,-0.029922543384567676,0.08631928977782932,0.5718485486658493,-0.4651483719733302,-0.4952254087173721,0.7746763768735953
-0.8693480468143875,-0.999874274219616,-1.3615375574819386,-1.416345041634339,0.6599543583542833,0.027725990238345127,-0.4651483719733302,2.012851661238351,-1.286750592095124
-0.8693480468143875,-0.9423653252444738,-0.44281110345562896,-1.0193779160670968,-0.3797592034405404,-1.3325804058304156,-0.4651483719733302,2.012851661238351,-1.286750592095124
0.3072695682706027,0.28449225289189234,0.13467409621805138,0.438143171836509,0.37313682406605697,0.8439098278796014,-0.4651483719733302,-0.4952254087173721,0.7746763768735953
-0.8693480468143875,-0.8369322521233798,-0.7840523578082582,-0.7586830873363706,0.4448412076381135,1.3880323863071058,-0.4651483719733302,2.012851661238351,-1.286750592095124
-0.8693480468143875,-1.028628748707187,-0.7578030305503637,-1.0964013881920842,-0.3797592034405404,-1.3325804058304156,2.143004999448557,-0.4952254087173721,-1.286750592095124
-0.8693480468143875,-1.0190439238779967,-1.1252936121608876,-1.3570962169228105,-0.09294166915231279,1.1159711070933536,2.143004999448557,-0.4952254087173721,-1.286750592095124
-0.8693480468143875,-1.0190439238779967,-1.1252936121608876,-1.1141760356055428,0.6241021665682557,1.3880323863071058,-0.4651483719733302,2.012851661238351,-1.286750592095124
1.4838871833555929,1.1758809620065958,2.7596068220075076,1.6491891489401556,-0.7382811213008247,-1.6046416850441676,-0.4651483719733302,-0.4952254087173721,0.7746763768735953
1.4838871833555929,1.1758809620065958,1.1846471865338337,0.5282013853980326,-1.6345859159515352,-1.6046416850441676,-0.4651483719733302,-0.4952254087173721,0.7746763768735953
-0.8693480468143875,-0.7314991790022859,-0.3378137944240507,-0.6591450618210024,-0.20049824451039833,1.1159711070933536,-0.4651483719733302,2.012851661238351,-1.286750592095124
1.4838871833555929,1.1758809620065958,1.1846471865338337,1.7866464222709022,-0.3797592034405404,-0.244335288975407,-0.4651483719733302,-0.4952254087173721,0.7746763768735953
0.3072695682706027,0.5241128736216514,-0.7053043760345745,0.6917281416018518,1.950633262651307,0.027725990238345127,-0.4651483719733302,-0.4952254087173721,0.7746763768735953
-0.8693480468143875,-0.5302178575892883,-0.3378137944240507,-0.14842019280762506,0.3014324404939991,1.6600936655208578,-0.4651483719733302,-0.4952254087173721,0.7746763768735953
1.4838871833555929,1.1758809620065958,1.1846471865338337,1.125429538490242,-0.8458376966589102,0.027725990238345127,-0.4651483719733302,-0.4952254087173721,0.7746763768735953
1.4838871833555929,1.0416934143979308,1.1846471865338337,1.5010670871613339,-0.021237285580256202,-0.5163965681891591,-0.4651483719733302,-0.4952254087173721,0.7746763768735953
1.4838871833555929,0.6199611219135549,0.13467409621805138,1.2676267177979108,1.2335894269307386,0.29978726945209727,-0.4651483719733302,-0.4952254087173721,0.7746763768735953
0.3072695682706027,-0.47270890861414616,-0.2065671581345779,-0.20766901751915376,-0.3797592034405404,0.29978726945209727,-0.4651483719733302,2.012851661238351,-1.286750592095124
-0.8693480468143875,-0.5877268065644305,-0.25906581265036704,-0.5631619657883259,-0.2722026280824549,0.5718485486658493,-0.4651483719733302,2.012851661238351,-1.286750592095124
-0.28103923927189234,-0.6164812810520016,-0.04907119458721054,-0.18989437010569515,0.12217148156385761,0.5718485486658493,2.143004999448557,-0.4952254087173721,-1.286750592095124
0.3072695682706027,0.5241128736216514,0.13467409621805138,0.6277394109134008,0.3014324404939991,0.29978726945209727,-0.4651483719733302,-0.4952254087173721,0.7746763768735953
0.3072695682706027,0.5241128736216514,-0.44281110345562896,0.3694145351711357,-0.021237285580256202,-1.3325804058304156,-0.4651483719733302,-0.4952254087173721,0.7746763768735953
0.3072695682706027,0.6007914722551743,0.397167368796997,0.49739199654803773,-0.16464605272437002,0.5718485486658493,-0.4651483719733302,-0.4952254087173721,0.7746763768735953
1.4838871833555929,1.02252376473955,0.8959045866969937,0.6869882356249295,-0.9892464638030234,0.5718485486658493,-0.4651483719733302,-0.4952254087173721,0.7746763768735953
0.3072695682706027,0.03528680733294294,-0.39031244893983985,-0.40556009205565957,-0.20049824451039833,-1.6046416850441676,-0.4651483719733302,-0.4952254087173721,0.7746763768735953
0.3072695682706027,0.3420012018670345,1.5783870954022523,0.5388661738461078,-0.774133313086853,0.5718485486658493,-0.4651483719733302,-0.4952254087173721,0.7746763768735953
0.3072695682706027,0.6007914722551743,0.13467409621805138,-0.0334774728672594,-0.7382811213008247,-1.3325804058304156,-0.4651483719733302,-0.4952254087173721,0.7746763768735953
0.3072695682706027,0.28449225289189234,-0.1278191763608942,0.7580868252787639,0.7675109337123688,0.29978726945209727,-0.4651483719733302,-0.4952254087173721,0.7746763768735953
-0.8693480468143875,-1.1915707708034233,-1.0465456303872038,-1.3677610053708855,1.950633262651307,-0.5163965681891591,-0.4651483719733302,2.012851661238351,-1.286750592095124
1.4838871833555929,2.34522959116782,2.8908534582969803,2.067485851403548,-1.6345859159515352,-0.7884578474029112,-0.4651483719733302,-0.4952254087173721,0.7746763768735953
-0.8693480468143875,-0.7027447045147148,-0.5215590852293126,-0.8060821471055936,1.0543284680005964,-0.7884578474029112,-0.4651483719733302,-0.4952254087173721,0.7746763768735953
-0.8693480468143875,-0.5302178575892883,-0.5740577397451018,-0.41622488050373474,0.5165455912101702,-0.244335288975407,-0.4651483719733302,-0.4952254087173721,0.7746763768735953
-0.8693480468143875,-0.7314991790022859,-0.2065671581345779,-0.693509380153689,-0.2363504362964266,0.5718485486658493,-0.4651483719733302,2.012851661238351,-1.286750592095124
-0.28103923927189234,-0.7123295293439051,-0.9940469758714148,-0.047697190798026284,1.5562591530049938,1.1159711070933536,2.143004999448557,-0.4952254087173721,-1.286750592095124
1.4838871833555929,1.1758809620065958,1.1846471865338337,1.3102858715902115,-0.9175420802309667,-1.3325804058304156,-0.4651483719733302,-0.4952254087173721,0.7746763768735953
-0.8693480468143875,-0.9423653252444738,-0.44281110345562896,-1.0193779160670968,-0.3797592034405404,-1.6046416850441676,-0.4651483719733302,2.012851661238351,-1.286750592095124
0.3072695682706027,0.3420012018670345,0.2659207325075242,0.301870874999993,-0.057089477366284495,0.8439098278796014,-0.4651483719733302,-0.4952254087173721,0.7746763768735953
-0.8693480468143875,-0.7027447045147148,-0.4953097579714181,-0.7053591450959948,0.1580236733498859,-1.0605191266166634,-0.4651483719733302,-0.4952254087173721,0.7746763768735953
-0.8693480468143875,-0.9423653252444738,-0.7840523578082582,-0.8594060893459694,0.9467718926425109,0.29978726945209727,-0.4651483719733302,2.012851661238351,-1.286750592095124
-0.8693480468143875,-0.9327805004152835,-1.0990442849029929,-1.1129910591113121,0.5165455912101702,0.29978726945209727,-0.4651483719733302,-0.4952254087173721,0.7746763768735953
1.4838871833555929,1.0416934143979308,1.1846471865338337,1.0685506667671743,-1.0968030391611088,-1.0605191266166634,-0.4651483719733302,-0.4952254087173721,0.7746763768735953
1.4838871833555929,2.4890019636056757,3.153346730875926,0.11345961241733177,-1.9931078338118193,-1.6046416850441676,-0.4651483719733302,-0.4952254087173721,0.7746763768735953
-1.4576568543568826,-1.2011555956326136,-0.1278191763608942,-0.6757347327402304,-1.0968030391611088,1.1159711070933536,-0.4651483719733302,2.012851661238351,-1.286750592095124
1.4838871833555929,1.1758809620065958,1.1846471865338337,0.9062088870575857,-0.5590201623706825,0.027725990238345127,-0.4651483719733302,-0.4952254087173721,0.7746763768735953
-0.8693480468143875,-0.999874274219616,-0.9940469758714148,-1.2148990376151416,-0.20049824451039833,1.6600936655208578,-0.4651483719733302,2.012851661238351,-1.286750592095124
0.3072695682706027,-0.26184276237195825,0.7121592958917318,-0.09509625056724924,-1.4911771488074215,1.1159711070933536,-0.4651483719733302,2.012851661238351,-1.286750592095124
0.3072695682706027,0.6007914722551743,0.13467409621805138,0.8765844747018213,1.2335894269307386,-0.244335288975407,-0.4651483719733302,-0.4952254087173721,0.7746763768735953
1.4838871833555929,1.578443604832591,1.709633731691725,1.9715027553708717,-0.9175420802309667,-0.7884578474029112,-0.4651483719733302,-0.4952254087173721,0.7746763768735953
0.3072695682706027,0.28449225289189234,-0.25906581265036704,0.9417581818845029,1.2335894269307386,-0.244335288975407,-0.4651483719733302,-0.4952254087173721,0.7746763768735953
-0.8693480468143875,-0.9423653252444738,-0.44281110345562896,-1.054927210894014,0.33728463228002803,-1.0605191266166634,-0.4651483719733302,2.012851661238351,-1.286750592095124
0.3072695682706027,0.28449225289189234,-0.1278191763608942,0.2876511570692261,-0.057089477366284495,0.027725990238345127,-0.4651483719733302,-0.4952254087173721,0.7746763768735953
-0.8693480468143875,-0.5781419817352401,-0.5478084124872072,-0.8238567945190521,-1.4194727652353647,1.6600936655208578,-0.4651483719733302,-0.4952254087173721,0.7746763768735953
-0.8693480468143875,-0.7794233031482377,-0.36406312168194527,-0.48376854067487746,-0.5590201623706825,-0.7884578474029112,2.143004999448557,-0.4952254087173721,-1.286750592095124
-0.8693480468143875,-0.9423653252444738,-0.7053043760345745,-0.9482793264132624,-0.5231679705846543,0.29978726945209727,2.143004999448557,-0.4952254087173721,-1.286750592095124
1.4838871833555929,1.4921801813698778,1.237145841049623,1.4512980744036497,-0.9892464638030234,0.027725990238345127,-0.4651483719733302,-0.4952254087173721,0.7746763768735953
0.3072695682706027,-0.3768606603222426,0.08217544170226226,-0.07139672068263776,-0.021237285580256202,0.027725990238345127,-0.4651483719733302,2.012851661238351,-1.286750592095124
-0.8693480468143875,-0.4247847844681944,-0.39031244893983985,-0.30246713705759964,0.8750675090704544,1.6600936655208578,-0.4651483719733302,-0.4952254087173721,0.7746763768735953
-1.4576568543568826,-1.2011555956326136,-0.39031244893983985,-1.0264877750324803,-0.7382811213008247,-0.7884578474029112,-0.4651483719733302,2.012851661238351,-1.286750592095124
-0.8693480468143875,-1.1148921721699003,-0.9940469758714148,-1.1734248603170714,0.1580236733498859,-0.5163965681891591,2.143004999448557,-0.4952254087173721,-1.286750592095124
1.4838871833555929,1.4921801813698778,1.1321485320180447,1.9750576848535633,-0.7382811213008247,-0.244335288975407,-0.4651483719733302,-0.4952254087173721,0.7746763768735953
0.3072695682706027,0.5241128736216514,-0.8628003395819419,0.5234614794211103,1.950633262651307,-0.244335288975407,-0.4651483719733302,-0.4952254087173721,0.7746763768735953
0.3072695682706027,0.03528680733294294,-0.2065671581345779,-0.25625305378260727,-0.021237285580256202,-1.6046416850441676,-0.4651483719733302,-0.4952254087173721,0.7746763768735953
1.4838871833555929,1.1758809620065958,0.9221539139548882,1.2913262476825222,-0.666576737728768,0.5718485486658493,-0.4651483719733302,-0.4952254087173721,0.7746763768735953
-0.8693480468143875,-0.7123295293439051,0.18717275073384051,-0.06784179119994604,-0.3797592034405404,-1.0605191266166634,2.143004999448557,-0.4952254087173721,-1.286750592095124
-0.8693480468143875,-0.8369322521233798,-0.2853151399082616,-0.724318769003684,0.33728463228002803,-0.7884578474029112,-0.4651483719733302,2.012851661238351,-1.286750592095124
-0.8693480468143875,-1.0477983983655679,-1.0465456303872038,-1.0430774459517083,0.8392153172844254,1.1159711070933536,-0.4651483719733302,2.012851661238351,-1.286750592095124
-0.8693480468143875,-0.6260661058811919,-0.0753205218451051,0.1892981080480885,0.05046709799180039,0.027725990238345127,2.143004999448557,-0.4952254087173721,-1.286750592095124
-0.8693480468143875,-0.5781419817352401,-0.5478084124872072,-0.5927863781440903,0.05046709799180039,1.3880323863071058,-0.4651483719733302,-0.4952254087173721,0.7746763768735953
-0.8693480468143875,-0.9327805004152835,-0.5740577397451018,-0.9139150080805758,0.33728463228002803,-0.5163965681891591,2.143004999448557,-0.4952254087173721,-1.286750592095124
-0.8693480468143875,-0.9423653252444738,-0.9940469758714148,-1.1911995077305302,0.3014324404939991,0.29978726945209727,-0.4651483719733302,2.012851661238351,-1.286750592095124
-0.8693480468143875,-0.5781419817352401,-0.5478084124872072,-0.7349835574517591,-0.9175420802309667,1.6600936655208578,-0.4651483719733302,-0.4952254087173721,0.7746763768735953
1.4838871833555929,1.02252376473955,0.9221539139548882,0.5436060798230301,-1.8138468748816774,-1.6046416850441676,-0.4651483719733302,-0.4952254087173721,0.7746763768735953
0.3072695682706027,0.28449225289189234,0.00342745992857858,0.15493378971540184,0.33728463228002803,-0.7884578474029112,-0.4651483719733302,-0.4952254087173721,0.7746763768735953
-0.8693480468143875,-0.789008127977428,-0.25906581265036704,-0.732613604463298,-0.20049824451039833,-1.6046416850441676,-0.4651483719733302,2.012851661238351,-1.286750592095124
1.4838871833555929,1.4825953565406873,1.5783870954022523,1.5212116875632535,-1.276063998091251,-1.0605191266166634,-0.4651483719733302,-0.4952254087173721,0.7746763768735953
-0.8693480468143875,-0.9327805004152835,-0.5740577397451018,-1.0845516232497785,0.12217148156385761,0.29978726945209727,-0.4651483719733302,-0.4952254087173721,0.7746763768735953
1.4838871833555929,1.4825953565406873,1.3158938228233066,1.7913863282478244,-0.7382811213008247,-1.0605191266166634,-0.4651483719733302,-0.4952254087173721,0.7746763768735953
-0.8693480468143875,-0.4247847844681944,-0.39031244893983985,0.015106563396194131,1.6279635365770517,1.1159711070933536,-0.4651483719733302,-0.4952254087173721,0.7746763768735953
1.4838871833555929,1.1758809620065958,0.9221539139548882,0.8825093571729742,-0.8458376966589102,0.5718485486658493,-0.4651483719733302,-0.4952254087173721,0.7746763768735953
-0.8693480468143875,-0.9327805004152835,-1.1777922666766767,-0.9790887152632574,2.34500737229762,0.027725990238345127,-0.4651483719733302,-0.4952254087173721,0.7746763768735953
1.4838871833555929,1.9618365980002055,1.709633731691725,1.9880924262900996,-1.455324957021393,-0.244335288975407,-0.4651483719733302,-0.4952254087173721,0.7746763768735953
-0.8693480468143875,-0.7985929528066185,-0.5215590852293126,-0.49206337613449147,0.2297280569219425,1.6600936655208578,-0.4651483719733302,-0.4952254087173721,0.7746763768735953
-0.8693480468143875,-0.999874274219616,-0.9415483213556256,-1.0193779160670968,-0.3080548198684838,0.8439098278796014,2.143004999448557,-0.4952254087173721,-1.286750592095124
-0.8693480468143875,-0.9423653252444738,-1.5452828482872005,-1.3689459818651162,1.7713723037211648,-1.6046416850441676,2.143004999448557,-0.4952254087173721,-1.286750592095124
0.3072695682706027,0.5241128736216514,-0.18031783087668335,0.6336642933845537,1.2335894269307386,0.29978726945209727,-0.4651483719733302,-0.4952254087173721,0.7746763768735953
-0.8693480468143875,-0.8656867266109509,-0.9152989940977311,-0.9956783861824854,-0.2363504362964266,0.8439098278796014,-0.4651483719733302,-0.4952254087173721,0.7746763768735953
1.4838871833555929,1.0416934143979308,1.1846471865338337,0.5246464559153409,-1.276063998091251,-1.6046416850441676,-0.4651483719733302,-0.4952254087173721,0.7746763768735953
-0.8693480468143875,-0.9327805004152835,-0.9152989940977311,-1.0312276810094025,-0.021237285580256202,1.1159711070933536,-0.4651483719733302,-0.4952254087173721,0.7746763768735953
0.3072695682706027,0.35158602669622485,-0.1278191763608942,-0.10576103901532441,0.1580236733498859,-0.5163965681891591,-0.4651483719733302,-0.4952254087173721,0.7746763768735953
-0.8693480468143875,-0.7219143541730956,-0.4690604307135235,-0.013332872465339643,1.4128503858608807,-1.0605191266166634,2.143004999448557,-0.4952254087173721,-1.286750592095124
-0.8693480468143875,-0.9040260259277124,-0.5740577397451018,-0.9340596084824956,-0.09294166915231279,0.027725990238345127,2.143004999448557,-0.4952254087173721,-1.286750592095124
-0.28103923927189234,-0.11807038993410283,-0.7315537032924692,0.6395891758557065,1.6279635365770517,0.8439098278796014,2.143004999448557,-0.4952254087173721,-1.286750592095124
-0.8693480468143875,-0.999874274219616,-0.9677976486135201,-1.2089741551439888,0.7316587419263412,1.6600936655208578,-0.4651483719733302,2.012851661238351,-1.286750592095124
-0.8693480468143875,-0.4918785582725269,-0.23281648539247246,-0.38541549165373984,-0.5948723541567108,1.6600936655208578,-0.4651483719733302,2.012851661238351,-1.286750592095124
-0.8693480468143875,-0.5302178575892883,-0.3378137944240507,-0.49561830561718323,-0.2363504362964266,0.027725990238345127,-0.4651483719733302,-0.4952254087173721,0.7746763768735953
-0.8693480468143875,-0.9327805004152835,-1.0465456303872038,-0.7231337925094534,1.8430766872932216,1.3880323863071058,-0.4651483719733302,-0.4952254087173721,0.7746763768735953
-0.8693480468143875,-0.9423653252444738,-0.3378137944240507,-0.8321516299786662,0.5165455912101702,-1.0605191266166634,-0.4651483719733302,2.012851661238351,-1.286750592095124
0.3072695682706027,0.28449225289189234,0.13467409621805138,0.7462370603364582,1.126032851572653,0.5718485486658493,-0.4651483719733302,-0.4952254087173721,0.7746763768735953
1.4838871833555929,1.3867471082487839,1.4471404591127794,0.7332023188999219,-2.710151669532388,-1.6046416850441676,-0.4651483719733302,-0.4952254087173721,0.7746763768735953
-0.8693480468143875,-0.520633032760098,-0.8890496668398364,0.23669716781731145,3.3130165505203872,0.8439098278796014,2.143004999448557,-0.4952254087173721,-1.286750592095124
1.4838871833555929,1.4825953565406873,1.053400550244361,1.1823084102133095,-0.9175420802309667,-0.7884578474029112,-0.4651483719733302,-0.4952254087173721,0.7746763768735953
-0.8693480468143875,-0.7314991790022859,-0.2065671581345779,-0.8179319120478993,-0.3080548198684838,0.5718485486658493,-0.4651483719733302,2.012851661238351,-1.286750592095124
0.3072695682706027,0.35158602669622485,-0.1278191763608942,0.3528248642519077,-0.021237285580256202,-1.3325804058304156,-0.4651483719733302,-0.4952254087173721,0.7746763768735953
-0.8693480468143875,-0.7219143541730956,-0.44281110345562896,-0.9838286212401797,-0.3797592034405404,1.6600936655208578,-0.4651483719733302,2.012851661238351,-1.286750592095124
-0.8693480468143875,-0.9423653252444738,-1.335288230224044,-0.8724408307825057,2.8469380573020175,-1.0605191266166634,2.143004999448557,-0.4952254087173721,-1.286750592095124
1.4838871833555929,1.7988945759039694,1.9721270042706707,2.3281806801342744,-1.455324957021393,-1.3325804058304156,-0.4651483719733302,-0.4952254087173721,0.7746763768735953
-0.8693480468143875,-0.4247847844681944,-0.5215590852293126,-0.1602699577499308,0.7316587419263412,0.5718485486658493,-0.4651483719733302,-0.4952254087173721,0.7746763768735953
-0.8693480468143875,-1.1148921721699003,-0.9152989940977311,-1.085736599744009,1.4128503858608807,-1.3325804058304156,2.143004999448557,-0.4952254087173721,-1.286750592095124
0.3072695682706027,-0.26184276237195825,0.397167368796997,0.983232359182573,0.40898901585208464,0.027725990238345127,2.143004999448557,-0.4952254087173721,-1.286750592095124
-0.8693480468143875,-0.4247847844681944,-0.39031244893983985,-0.37001079722874236,0.33728463228002803,1.1159711070933536,-0.4651483719733302,-0.4952254087173721,0.7746763768735953
-0.8693480468143875,-1.0477983983655679,-1.0465456303872038,-1.1509103069266906,0.3014324404939991,1.1159711070933536,-0.4651483719733302,2.012851661238351,-1.286750592095124
-0.8693480468143875,-1.0094590990488064,-1.4927841937714115,-0.7764577347498293,2.9186424408740743,1.1159711070933536,2.143004999448557,-0.4952254087173721,-1.286750592095124
1.4838871833555929,1.4825953565406873,1.9721270042706707,0.7983760260826035,-1.6345859159515352,-0.7884578474029112,-0.4651483719733302,-0.4952254087173721,0.7746763768735953
1.4838871833555929,1.02252376473955,0.6596606413759426,1.5460961939420956,-0.2363504362964266,0.29978726945209727,-0.4651483719733302,-0.4952254087173721,0.7746763768735953
1.4838871833555929,1.9618365980002055,1.8408803679811978,1.6527440784228473,-1.276063998091251,-1.0605191266166634,-0.4651483719733302,-0.4952254087173721,0.7746763768735953
1.4838871833555929,1.4825953565406873,0.5284140050864697,1.0780304787210189,0.6599543583542833,0.8439098278796014,-0.4651483719733302,-0.4952254087173721,0.7746763768735953
-0.8693480468143875,-0.5302178575892883,-0.7840523578082582,-0.5311676004441004,0.5165455912101702,-0.5163965681891591,-0.4651483719733302,-0.4952254087173721,0.7746763768735953
1.4838871833555929,1.0416934143979308,0.397167368796997,1.1514990213633145,-0.5948723541567108,0.027725990238345127,-0.4651483719733302,-0.4952254087173721,0.7746763768735953
-0.8693480468143875,-0.7123295293439051,0.21342207799173507,-0.8961403606671172,-1.0968030391611088,-1.6046416850441676,2.143004999448557,-0.4952254087173721,-1.286750592095124
1.4838871833555929,1.9618365980002055,1.8408803679811978,2.5474013315669306,-1.276063998091251,-1.3325804058304156,-0.4651483719733302,-0.4952254087173721,0.7746763768735953
1.4838871833555929,1.0704478888855018,0.6596606413759426,0.6087797870057117,-1.276063998091251,-1.6046416850441676,-0.4651483719733302,-0.4952254087173721,0.7746763768735953
-0.8693480468143875,-0.9423653252444738,-0.8890496668398364,-1.380795746807422,-1.2043596145191944,0.027725990238345127,2.143004999448557,-0.4952254087173721,-1.286750592095124
-0.8693480468143875,-0.7027447045147148,-0.44281110345562896,-0.5809366132017846,-0.16464605272437002,1.1159711070933536,2.143004999448557,-0.4952254087173721,-1.286750592095124
0.3072695682706027,0.35158602669622485,-0.1278191763608942,-0.05362207326917916,0.1580236733498859,-0.7884578474029112,-0.4651483719733302,-0.4952254087173721,0.7746763768735953
-0.8693480468143875,-0.999874274219616,-0.9940469758714148,-1.1793497427882242,0.2297280569219425,1.6600936655208578,-0.4651483719733302,2.012851661238351,-1.286750592095124
-0.8693480468143875,-0.7123295293439051,0.2659207325075242,-0.3783056326883564,-0.7382811213008247,-0.244335288975407,2.143004999448557,-0.4952254087173721,-1.286750592095124
0.3072695682706027,0.3420012018670345,0.00342745992857858,0.46184270172112046,0.08631928977782932,0.5718485486658493,-0.4651483719733302,-0.4952254087173721,0.7746763768735953
1.4838871833555929,2.4890019636056757,3.153346730875926,2.323440774157352,-1.6345859159515352,-0.7884578474029112,-0.4651483719733302,-0.4952254087173721,0.7746763768735953
0.3072695682706027,0.28449225289189234,-0.5215590852293126,0.5625657037307192,0.37313682406605697,1.3880323863071058,-0.4651483719733302,-0.4952254087173721,0.7746763768735953
1.4838871833555929,1.578443604832591,1.8408803679811978,0.9844173356768036,-1.6345859159515352,-0.7884578474029112,-0.4651483719733302,-0.4952254087173721,0.7746763768735953
-0.8693480468143875,-1.0573832231947582,-1.0465456303872038,-1.203049272672836,1.3769981940748517,1.3880323863071058,-0.4651483719733302,2.012851661238351,-1.286750592095124
-0.8693480468143875,-0.5877268065644305,-0.23281648539247246,-0.3415713613672086,-0.7382811213008247,-0.244335288975407,-0.4651483719733302,2.012851661238351,-1.286750592095124
1.4838871833555929,1.9618365980002055,2.234620276849616,1.6965882087093784,-1.0968030391611088,-1.0605191266166634,-0.4651483719733302,-0.4952254087173721,0.7746763768735953
0.3072695682706027,-0.21391863822600643,0.2659207325075242,-0.34394131435566977,-0.953394272016995,0.8439098278796014,-0.4651483719733302,-0.4952254087173721,0.7746763768735953
-0.8693480468143875,-0.7027447045147148,-0.4953097579714181,-0.9127300315863452,-0.5590201623706825,-1.3325804058304156,-0.4651483719733302,-0.4952254087173721,0.7746763768735953
-0.8693480468143875,-0.7219143541730956,-0.44281110345562896,0.33149528735575734,2.2733029887255625,0.027725990238345127,2.143004999448557,-0.4952254087173721,-1.286750592095124
0.3072695682706027,0.0448716321621333,-0.5215590852293126,-0.00029813102880332966,0.9467718926425109,0.8439098278796014,-0.4651483719733302,-0.4952254087173721,0.7746763768735953
1.4838871833555929,1.9618365980002055,1.9721270042706707,1.4572229568748025,-1.5987337241655069,0.29978726945209727,-0.4651483719733302,-0.4952254087173721,0.7746763768735953
-0.8693480468143875,-0.8369322521233798,-0.31156446716615616,-0.710099051072917,-0.021237285580256202,-0.5163965681891591,-0.4651483719733302,2.012851661238351,-1.286750592095124
-0.8693480468143875,-1.0765528728531388,-1.1515429394187822,-1.1698699308343798,1.2335894269307386,-0.5163965681891591,-0.4651483719733302,2.012851661238351,-1.286750592095124
-0.8693480468143875,-0.8465170769525703,-0.4953097579714181,-0.6235957669940851,-0.021237285580256202,0.027725990238345127,2.143004999448557,-0.4952254087173721,-1.286750592095124
